,Lat,Long,prec,Date,Site_ID,tmin,tmax
0,-3.25,-61.25,434.34,2000-01-01,68,22.5,30.0
1,-3.25,-61.25,339.41,2000-02-01,68,23.0,30.0
2,-3.25,-61.25,364.26,2000-03-01,68,23.0,30.0
3,-3.25,-61.25,420.14,2000-04-01,68,23.0,30.0
4,-3.25,-61.25,278.97,2000-05-01,68,23.0,31.0
5,-3.25,-61.25,99.92,2000-06-01,68,23.06,31.0
6,-3.25,-61.25,111.52,2000-07-01,68,22.06,31.0
7,-3.25,-61.25,106.59,2000-08-01,68,22.31,32.0
8,-3.25,-61.25,196.38,2000-09-01,68,23.0,32.0
9,-3.25,-61.25,72.44,2000-10-01,68,23.0,32.0
10,-3.25,-61.25,203.19,2000-11-01,68,23.31,32.0
11,-3.25,-61.25,211.35,2000-12-01,68,23.06,32.0
12,-3.25,-61.25,423.79,2001-01-01,68,22.0,30.0
13,-3.25,-61.25,272.92,2001-02-01,68,23.0,30.62
14,-3.25,-61.25,293.42,2001-03-01,68,23.0,31.0
15,-3.25,-61.25,196.3,2001-04-01,68,23.0,31.0
16,-3.25,-61.25,223.22,2001-05-01,68,23.0,31.0
17,-3.25,-61.25,173.08,2001-06-01,68,22.0,30.0
18,-3.25,-61.25,80.31,2001-07-01,68,22.06,31.0
19,-3.25,-61.25,28.81,2001-08-01,68,23.0,33.0
20,-3.25,-61.25,119.19,2001-09-01,68,23.0,33.0
21,-3.25,-61.25,79.36,2001-10-01,68,23.06,33.31
22,-3.25,-61.25,201.88,2001-11-01,68,23.44,33.0
23,-3.25,-61.25,304.82,2001-12-01,68,24.0,32.0
24,-3.25,-61.25,363.98,2002-01-01,68,23.0,31.44
25,-3.25,-61.25,375.15,2002-02-01,68,23.75,31.0
26,-3.25,-61.25,364.03,2002-03-01,68,23.0,31.0
27,-3.25,-61.25,380.21,2002-04-01,68,23.0,30.31
28,-3.25,-61.25,310.17,2002-05-01,68,23.88,30.0
29,-3.25,-61.25,204.39,2002-06-01,68,23.0,31.0
30,-3.25,-61.25,62.66,2002-07-01,68,23.19,32.0
31,-3.25,-61.25,52.79,2002-08-01,68,23.0,33.0
32,-3.25,-61.25,95.49,2002-09-01,68,23.06,33.38
33,-3.25,-61.25,199.76,2002-10-01,68,23.38,33.0
34,-3.25,-61.25,114.91,2002-11-01,68,23.06,32.0
35,-3.25,-61.25,312.89,2002-12-01,68,24.0,31.0
36,-3.25,-61.25,155.02,2003-01-01,68,24.06,32.0
37,-3.25,-61.25,316.28,2003-02-01,68,24.0,31.0
38,-3.25,-61.25,308.51,2003-03-01,68,24.0,31.0
39,-3.25,-61.25,323.37,2003-04-01,68,24.0,30.94
40,-3.25,-61.25,330.18,2003-05-01,68,24.0,30.0
41,-3.25,-61.25,160.0,2003-06-01,68,23.06,31.0
42,-3.25,-61.25,89.94,2003-07-01,68,23.0,31.0
43,-3.25,-61.25,121.39,2003-08-01,68,23.0,31.69
44,-3.25,-61.25,76.12,2003-09-01,68,23.0,31.44
45,-3.25,-61.25,121.38,2003-10-01,68,23.44,32.0
46,-3.25,-61.25,116.91,2003-11-01,68,23.38,32.0
47,-3.25,-61.25,119.57,2003-12-01,68,24.0,32.0
48,-3.25,-61.25,214.82,2004-01-01,68,24.0,31.0
49,-3.25,-61.25,223.18,2004-02-01,68,24.0,31.0
50,-3.25,-61.25,401.88,2004-03-01,68,24.0,30.0
51,-3.25,-61.25,267.38,2004-04-01,68,24.0,31.0
52,-3.25,-61.25,350.35,2004-05-01,68,23.12,30.0
53,-3.25,-61.25,135.23,2004-06-01,68,23.06,31.0
54,-3.25,-61.25,95.49,2004-07-01,68,23.0,31.0
55,-3.25,-61.25,128.63,2004-08-01,68,23.31,32.0
56,-3.25,-61.25,104.89,2004-09-01,68,23.0,32.0
57,-3.25,-61.25,94.28,2004-10-01,68,24.0,32.31
58,-3.25,-61.25,105.69,2004-11-01,68,24.0,33.0
59,-3.25,-61.25,183.54,2004-12-01,68,23.0,32.12
60,-3.25,-61.25,229.25,2005-01-01,68,24.0,31.0
61,-3.25,-61.25,405.88,2005-02-01,68,24.0,30.0
62,-3.25,-61.25,403.36,2005-03-01,68,24.0,30.0
63,-3.25,-61.25,361.91,2005-04-01,68,24.0,30.0
64,-3.25,-61.25,317.71,2005-05-01,68,24.0,31.0
65,-3.25,-61.25,87.81,2005-06-01,68,23.75,31.0
66,-3.25,-61.25,69.34,2005-07-01,68,23.06,31.0
67,-3.25,-61.25,28.83,2005-08-01,68,23.19,33.0
68,-3.25,-61.25,82.49,2005-09-01,68,23.0,32.0
69,-3.25,-61.25,95.01,2005-10-01,68,24.0,33.0
70,-3.25,-61.25,174.96,2005-11-01,68,24.0,32.0
71,-3.25,-61.25,358.86,2005-12-01,68,23.0,31.0
72,-3.25,-61.25,291.64,2006-01-01,68,24.0,30.0
73,-3.25,-61.25,441.61,2006-02-01,68,24.0,30.0
74,-3.25,-61.25,361.8,2006-03-01,68,22.25,31.0
75,-3.25,-61.25,280.06,2006-04-01,68,24.0,30.0
76,-3.25,-61.25,333.34,2006-05-01,68,23.0,29.0
77,-3.25,-61.25,126.08,2006-06-01,68,23.0,31.0
78,-3.25,-61.25,100.73,2006-07-01,68,23.0,31.0
79,-3.25,-61.25,48.96,2006-08-01,68,23.06,33.0
80,-3.25,-61.25,68.72,2006-09-01,68,23.06,33.0
81,-3.25,-61.25,82.09,2006-10-01,68,24.06,33.0
82,-3.25,-61.25,286.92,2006-11-01,68,23.31,31.19
83,-3.25,-61.25,268.91,2006-12-01,68,23.0,32.12
84,-3.25,-61.25,416.16,2007-01-01,68,24.0,31.0
85,-3.25,-61.25,180.67,2007-02-01,68,24.0,32.0
86,-3.25,-61.25,429.14,2007-03-01,68,23.06,30.94
87,-3.25,-61.25,344.13,2007-04-01,68,24.0,30.25
88,-3.25,-61.25,190.71,2007-05-01,68,23.12,30.0
89,-3.25,-61.25,108.11,2007-06-01,68,23.06,31.0
90,-3.25,-61.25,113.29,2007-07-01,68,23.0,32.0
91,-3.25,-61.25,126.16,2007-08-01,68,23.06,32.0
92,-3.25,-61.25,78.02,2007-09-01,68,23.06,32.0
93,-3.25,-61.25,74.28,2007-10-01,68,23.0,32.0
94,-3.25,-61.25,205.29,2007-11-01,68,23.12,32.0
95,-3.25,-61.25,373.2,2007-12-01,68,23.0,31.56
96,-3.25,-61.25,418.48,2008-01-01,68,23.0,30.0
97,-3.25,-61.25,444.46,2008-02-01,68,23.06,30.0
98,-3.25,-61.25,426.98,2008-03-01,68,23.0,31.0
99,-3.25,-61.25,351.78,2008-04-01,68,23.38,31.0
100,-3.25,-61.25,257.89,2008-05-01,68,23.0,30.0
101,-3.25,-61.25,180.06,2008-06-01,68,23.0,30.12
102,-3.25,-61.25,75.78,2008-07-01,68,23.06,32.0
103,-3.25,-61.25,54.36,2008-08-01,68,23.81,33.0
104,-3.25,-61.25,84.86,2008-09-01,68,23.25,32.0
105,-3.25,-61.25,136.35,2008-10-01,68,23.38,32.0
106,-3.25,-61.25,175.31,2008-11-01,68,24.0,31.5
107,-3.25,-61.25,459.59,2008-12-01,68,23.0,31.0
108,-3.25,-61.25,436.5,2009-01-01,68,23.0,30.0
109,-3.25,-61.25,458.8,2009-02-01,68,23.0,30.0
110,-3.25,-61.25,454.52,2009-03-01,68,23.0,30.38
111,-3.25,-61.25,300.67,2009-04-01,68,23.19,31.0
112,-3.25,-61.25,159.99,2009-05-01,68,23.0,30.0
113,-3.25,-61.25,226.11,2009-06-01,68,23.06,30.0
114,-3.25,-61.25,77.26,2009-07-01,68,23.06,32.0
115,-3.25,-61.25,52.64,2009-08-01,68,25.0,32.31
116,-3.25,-61.25,34.69,2009-09-01,68,24.06,34.0
117,-3.25,-61.25,95.29,2009-10-01,68,24.0,33.0
118,-3.25,-61.25,140.16,2009-11-01,68,24.06,33.5
119,-3.25,-61.25,274.76,2009-12-01,68,24.0,32.0
120,-3.25,-61.25,407.29,2020-01-01,68,24.06,32.0
121,-3.25,-61.25,273.6,2020-02-01,68,25.0,32.0
122,-3.25,-61.25,389.12,2020-03-01,68,25.0,32.0
123,-3.25,-61.25,322.25,2020-04-01,68,24.06,30.0
124,-3.25,-61.25,319.92,2020-05-01,68,24.0,30.0
125,-3.25,-61.25,204.05,2020-06-01,68,24.06,31.0
126,-3.25,-61.25,68.57,2020-07-01,68,24.0,32.0
127,-3.25,-61.25,36.02,2020-08-01,68,24.06,33.0
128,-3.25,-61.25,147.49,2020-09-01,68,24.06,33.0
129,-3.25,-61.25,128.68,2020-10-01,68,24.0,32.0
130,-3.25,-61.25,352.54,2020-11-01,68,24.06,32.0
131,-3.25,-61.25,486.56,2020-12-01,68,23.56,31.56
132,-3.25,-61.25,271.42,2021-01-01,68,23.06,30.0
133,-3.25,-61.25,349.21,2021-02-01,68,24.0,32.0
134,-3.25,-61.25,541.28,2021-03-01,68,23.06,30.0
135,-3.25,-61.25,257.46,2021-04-01,68,24.06,30.88
136,-3.25,-61.25,216.72,2021-05-01,68,24.06,30.0
137,-3.25,-61.25,237.87,2021-06-01,68,24.0,31.0
138,-3.25,-61.25,148.87,2021-07-01,68,24.0,31.0
139,-3.25,-61.25,137.59,2021-08-01,68,24.06,33.0
140,-3.25,-61.25,52.25,2021-09-01,68,24.0,32.0
141,-3.25,-61.25,165.23,2021-10-01,68,24.0,32.0
142,-3.25,-61.25,244.66,2021-11-01,68,24.0,31.0
143,-3.25,-61.25,233.55,2021-12-01,68,24.0,30.56
144,-3.25,-61.25,312.92,2010-01-01,68,24.0,32.0
145,-3.25,-61.25,346.3,2010-02-01,68,24.06,31.0
146,-3.25,-61.25,326.48,2010-03-01,68,24.0,32.0
147,-3.25,-61.25,378.1,2010-04-01,68,24.0,30.0
148,-3.25,-61.25,204.67,2010-05-01,68,24.06,31.0
149,-3.25,-61.25,137.41,2010-06-01,68,23.69,31.0
150,-3.25,-61.25,99.58,2010-07-01,68,23.25,31.0
151,-3.25,-61.25,44.56,2010-08-01,68,24.0,32.38
152,-3.25,-61.25,52.72,2010-09-01,68,24.06,33.5
153,-3.25,-61.25,102.71,2010-10-01,68,23.44,33.0
154,-3.25,-61.25,138.66,2010-11-01,68,24.0,32.0
155,-3.25,-61.25,315.36,2010-12-01,68,23.0,32.0
156,-3.25,-61.25,313.0,2011-01-01,68,23.06,30.0
157,-3.25,-61.25,464.73,2011-02-01,68,23.0,30.0
158,-3.25,-61.25,292.91,2011-03-01,68,23.25,30.0
159,-3.25,-61.25,394.47,2011-04-01,68,23.38,30.0
160,-3.25,-61.25,207.64,2011-05-01,68,24.0,30.0
161,-3.25,-61.25,113.76,2011-06-01,68,24.0,31.0
162,-3.25,-61.25,45.21,2011-07-01,68,24.0,32.0
163,-3.25,-61.25,57.48,2011-08-01,68,24.0,33.0
164,-3.25,-61.25,77.04,2011-09-01,68,24.0,33.0
165,-3.25,-61.25,157.4,2011-10-01,68,24.0,32.0
166,-3.25,-61.25,205.41,2011-11-01,68,24.0,31.0
167,-3.25,-61.25,196.01,2011-12-01,68,24.0,32.0
168,-3.25,-61.25,434.13,2012-01-01,68,23.06,30.0
169,-3.25,-61.25,439.15,2012-02-01,68,23.06,29.62
170,-3.25,-61.25,293.89,2012-03-01,68,24.0,30.0
171,-3.25,-61.25,244.11,2012-04-01,68,24.0,30.0
172,-3.25,-61.25,163.98,2012-05-01,68,24.0,31.0
173,-3.25,-61.25,75.92,2012-06-01,68,24.0,31.0
174,-3.25,-61.25,102.15,2012-07-01,68,24.0,31.0
175,-3.25,-61.25,53.83,2012-08-01,68,23.81,32.81
176,-3.25,-61.25,79.64,2012-09-01,68,24.0,33.0
177,-3.25,-61.25,151.04,2012-10-01,68,24.0,33.0
178,-3.25,-61.25,208.54,2012-11-01,68,24.06,33.0
179,-3.25,-61.25,300.97,2012-12-01,68,23.62,31.0
180,-3.25,-61.25,289.4,2013-01-01,68,24.0,31.0
181,-3.25,-61.25,448.34,2013-02-01,68,24.0,30.0
182,-3.25,-61.25,376.9,2013-03-01,68,24.0,31.0
183,-3.25,-61.25,376.46,2013-04-01,68,24.0,31.0
184,-3.25,-61.25,270.08,2013-05-01,68,24.0,31.0
185,-3.25,-61.25,104.14,2013-06-01,68,24.06,32.0
186,-3.25,-61.25,136.73,2013-07-01,68,23.06,31.0
187,-3.25,-61.25,68.91,2013-08-01,68,24.0,32.0
188,-3.25,-61.25,133.31,2013-09-01,68,24.0,32.38
189,-3.25,-61.25,175.72,2013-10-01,68,24.0,33.0
190,-3.25,-61.25,244.1,2013-11-01,68,24.0,31.0
191,-3.25,-61.25,131.05,2013-12-01,68,24.06,32.0
192,-3.25,-61.25,297.89,2014-01-01,68,24.0,31.0
193,-3.25,-61.25,344.79,2014-02-01,68,23.25,30.0
194,-3.25,-61.25,403.62,2014-03-01,68,24.0,30.0
195,-3.25,-61.25,253.69,2014-04-01,68,24.06,31.0
196,-3.25,-61.25,295.24,2014-05-01,68,24.0,31.0
197,-3.25,-61.25,158.23,2014-06-01,68,24.25,31.0
198,-3.25,-61.25,99.59,2014-07-01,68,24.0,32.0
199,-3.25,-61.25,68.26,2014-08-01,68,23.81,32.38
200,-3.25,-61.25,48.37,2014-09-01,68,24.06,34.0
201,-3.25,-61.25,171.18,2014-10-01,68,24.0,32.0
202,-3.25,-61.25,204.93,2014-11-01,68,24.12,32.0
203,-3.25,-61.25,185.11,2014-12-01,68,24.06,32.0
204,-3.25,-61.25,307.01,2015-01-01,68,23.5,31.0
205,-3.25,-61.25,251.37,2015-02-01,68,24.0,32.0
206,-3.25,-61.25,373.01,2015-03-01,68,24.0,30.31
207,-3.25,-61.25,282.42,2015-04-01,68,24.0,31.0
208,-3.25,-61.25,270.96,2015-05-01,68,24.0,31.0
209,-3.25,-61.25,109.77,2015-06-01,68,24.0,32.0
210,-3.25,-61.25,45.09,2015-07-01,68,24.06,32.31
211,-3.25,-61.25,22.86,2015-08-01,68,25.0,34.0
212,-3.25,-61.25,20.41,2015-09-01,68,25.0,35.0
213,-3.25,-61.25,43.71,2015-10-01,68,24.19,33.81
214,-3.25,-61.25,94.24,2015-11-01,68,24.06,33.0
215,-3.25,-61.25,163.94,2015-12-01,68,24.0,32.0
216,-3.25,-61.25,154.84,2016-01-01,68,25.0,32.0
217,-3.25,-61.25,229.74,2016-02-01,68,23.0,30.0
218,-3.25,-61.25,296.35,2016-03-01,68,24.0,31.0
219,-3.25,-61.25,236.03,2016-04-01,68,24.0,32.0
220,-3.25,-61.25,108.44,2016-05-01,68,24.0,31.0
221,-3.25,-61.25,92.4,2016-06-01,68,24.0,32.0
222,-3.25,-61.25,96.37,2016-07-01,68,24.0,32.31
223,-3.25,-61.25,55.19,2016-08-01,68,23.38,33.0
224,-3.25,-61.25,107.5,2016-09-01,68,23.06,32.0
225,-3.25,-61.25,127.86,2016-10-01,68,23.44,32.81
226,-3.25,-61.25,138.86,2016-11-01,68,24.0,33.0
227,-3.25,-61.25,431.81,2016-12-01,68,24.0,31.0
228,-3.25,-61.25,365.17,2017-01-01,68,23.0,31.0
229,-3.25,-61.25,317.11,2017-02-01,68,23.12,31.0
230,-3.25,-61.25,235.98,2017-03-01,68,23.0,31.0
231,-3.25,-61.25,299.89,2017-04-01,68,24.0,31.25
232,-3.25,-61.25,149.05,2017-05-01,68,23.25,32.0
233,-3.25,-61.25,128.64,2017-06-01,68,24.0,32.0
234,-3.25,-61.25,73.32,2017-07-01,68,24.0,32.31
235,-3.25,-61.25,36.61,2017-08-01,68,22.19,31.75
236,-3.25,-61.25,148.98,2017-09-01,68,24.0,32.5
237,-3.25,-61.25,126.2,2017-10-01,68,24.0,32.0
238,-3.25,-61.25,152.51,2017-11-01,68,24.0,32.0
239,-3.25,-61.25,409.34,2017-12-01,68,24.0,31.0
240,-3.25,-61.25,267.14,2018-01-01,68,23.0,31.0
241,-3.25,-61.25,318.24,2018-02-01,68,24.0,31.0
242,-3.25,-61.25,266.06,2018-03-01,68,24.0,31.0
243,-3.25,-61.25,356.16,2018-04-01,68,24.0,30.0
244,-3.25,-61.25,208.04,2018-05-01,68,23.81,30.0
245,-3.25,-61.25,194.93,2018-06-01,68,24.0,31.0
246,-3.25,-61.25,88.11,2018-07-01,68,24.0,32.0
247,-3.25,-61.25,76.46,2018-08-01,68,23.38,33.0
248,-3.25,-61.25,93.15,2018-09-01,68,24.06,33.44
249,-3.25,-61.25,61.76,2018-10-01,68,22.38,32.0
250,-3.25,-61.25,162.87,2018-11-01,68,24.06,32.0
251,-3.25,-61.25,379.28,2018-12-01,68,23.06,31.0
252,-3.25,-61.25,366.64,2019-01-01,68,24.0,31.0
253,-3.25,-61.25,349.61,2019-02-01,68,24.12,31.0
254,-3.25,-61.25,437.24,2019-03-01,68,24.06,32.0
255,-3.25,-61.25,310.83,2019-04-01,68,24.19,31.0
256,-3.25,-61.25,306.71,2019-05-01,68,24.06,30.0
257,-3.25,-61.25,97.93,2019-06-01,68,24.19,31.0
258,-3.25,-61.25,122.29,2019-07-01,68,24.06,31.0
259,-3.25,-61.25,56.74,2019-08-01,68,24.0,32.38
260,-3.25,-61.25,175.59,2019-09-01,68,24.0,33.0
261,-3.25,-61.25,217.98,2019-10-01,68,23.06,32.0
262,-3.25,-61.25,188.07,2019-11-01,68,24.0,32.0
263,-3.25,-61.25,308.8,2019-12-01,68,24.0,31.0
264,-3.25,-59.75,358.01,2000-01-01,69,23.0,30.0
265,-3.25,-59.75,305.45,2000-02-01,69,23.0,30.0
266,-3.25,-59.75,349.21,2000-03-01,69,23.0,30.0
267,-3.25,-59.75,443.04,2000-04-01,69,23.0,30.0
268,-3.25,-59.75,235.28,2000-05-01,69,23.0,31.0
269,-3.25,-59.75,69.1,2000-06-01,69,24.0,31.0
270,-3.25,-59.75,57.24,2000-07-01,69,23.0,31.0
271,-3.25,-59.75,125.54,2000-08-01,69,23.0,32.0
272,-3.25,-59.75,185.51,2000-09-01,69,23.0,32.62
273,-3.25,-59.75,74.51,2000-10-01,69,23.69,32.81
274,-3.25,-59.75,138.14,2000-11-01,69,24.0,32.0
275,-3.25,-59.75,155.77,2000-12-01,69,23.0,32.0
276,-3.25,-59.75,386.24,2001-01-01,69,22.44,30.0
277,-3.25,-59.75,256.8,2001-02-01,69,23.0,30.0
278,-3.25,-59.75,239.18,2001-03-01,69,23.0,31.0
279,-3.25,-59.75,221.34,2001-04-01,69,23.0,30.31
280,-3.25,-59.75,235.88,2001-05-01,69,24.0,31.0
281,-3.25,-59.75,161.1,2001-06-01,69,23.0,30.0
282,-3.25,-59.75,57.51,2001-07-01,69,22.62,31.0
283,-3.25,-59.75,28.16,2001-08-01,69,24.0,33.0
284,-3.25,-59.75,89.91,2001-09-01,69,23.69,33.0
285,-3.25,-59.75,73.82,2001-10-01,69,24.0,34.0
286,-3.25,-59.75,195.01,2001-11-01,69,24.0,33.0
287,-3.25,-59.75,199.08,2001-12-01,69,24.0,32.0
288,-3.25,-59.75,348.36,2002-01-01,69,24.0,31.0
289,-3.25,-59.75,283.76,2002-02-01,69,24.0,31.0
290,-3.25,-59.75,246.19,2002-03-01,69,23.12,30.0
291,-3.25,-59.75,378.44,2002-04-01,69,23.06,30.0
292,-3.25,-59.75,270.7,2002-05-01,69,24.0,30.94
293,-3.25,-59.75,164.62,2002-06-01,69,23.0,31.0
294,-3.25,-59.75,15.41,2002-07-01,69,24.0,32.0
295,-3.25,-59.75,44.97,2002-08-01,69,24.0,33.0
296,-3.25,-59.75,51.04,2002-09-01,69,24.0,34.0
297,-3.25,-59.75,181.19,2002-10-01,69,24.0,33.81
298,-3.25,-59.75,70.71,2002-11-01,69,24.0,33.0
299,-3.25,-59.75,279.81,2002-12-01,69,24.0,31.0
300,-3.25,-59.75,142.42,2003-01-01,69,24.44,32.0
301,-3.25,-59.75,307.31,2003-02-01,69,24.0,30.88
302,-3.25,-59.75,249.62,2003-03-01,69,24.0,31.0
303,-3.25,-59.75,385.52,2003-04-01,69,24.0,31.0
304,-3.25,-59.75,227.68,2003-05-01,69,24.0,31.0
305,-3.25,-59.75,116.68,2003-06-01,69,23.0,31.0
306,-3.25,-59.75,90.41,2003-07-01,69,23.0,31.81
307,-3.25,-59.75,117.83,2003-08-01,69,23.12,32.0
308,-3.25,-59.75,66.69,2003-09-01,69,23.06,32.0
309,-3.25,-59.75,94.81,2003-10-01,69,24.0,32.31
310,-3.25,-59.75,111.02,2003-11-01,69,24.0,32.0
311,-3.25,-59.75,90.89,2003-12-01,69,24.0,32.0
312,-3.25,-59.75,183.66,2004-01-01,69,24.44,31.0
313,-3.25,-59.75,152.84,2004-02-01,69,24.0,30.0
314,-3.25,-59.75,354.69,2004-03-01,69,24.0,30.0
315,-3.25,-59.75,212.01,2004-04-01,69,24.0,31.0
316,-3.25,-59.75,393.33,2004-05-01,69,24.0,30.0
317,-3.25,-59.75,124.86,2004-06-01,69,24.0,31.0
318,-3.25,-59.75,58.92,2004-07-01,69,23.0,31.0
319,-3.25,-59.75,140.84,2004-08-01,69,24.0,32.0
320,-3.25,-59.75,106.85,2004-09-01,69,24.0,32.0
321,-3.25,-59.75,75.64,2004-10-01,69,24.12,33.0
322,-3.25,-59.75,32.11,2004-11-01,69,24.0,33.0
323,-3.25,-59.75,138.52,2004-12-01,69,23.0,32.0
324,-3.25,-59.75,161.99,2005-01-01,69,24.25,31.0
325,-3.25,-59.75,284.81,2005-02-01,69,24.0,30.0
326,-3.25,-59.75,308.9,2005-03-01,69,24.0,30.0
327,-3.25,-59.75,362.27,2005-04-01,69,24.06,30.0
328,-3.25,-59.75,237.18,2005-05-01,69,24.0,31.0
329,-3.25,-59.75,60.12,2005-06-01,69,24.0,31.5
330,-3.25,-59.75,52.03,2005-07-01,69,24.0,31.5
331,-3.25,-59.75,20.92,2005-08-01,69,24.0,33.0
332,-3.25,-59.75,46.88,2005-09-01,69,24.0,33.0
333,-3.25,-59.75,67.9,2005-10-01,69,24.0,33.81
334,-3.25,-59.75,212.36,2005-11-01,69,24.0,32.06
335,-3.25,-59.75,327.52,2005-12-01,69,23.0,31.0
336,-3.25,-59.75,181.46,2006-01-01,69,24.0,30.06
337,-3.25,-59.75,323.65,2006-02-01,69,24.0,30.0
338,-3.25,-59.75,296.46,2006-03-01,69,23.0,31.0
339,-3.25,-59.75,266.17,2006-04-01,69,24.0,30.0
340,-3.25,-59.75,359.32,2006-05-01,69,23.0,29.88
341,-3.25,-59.75,87.32,2006-06-01,69,23.0,31.0
342,-3.25,-59.75,87.27,2006-07-01,69,23.0,31.5
343,-3.25,-59.75,36.12,2006-08-01,69,24.0,33.0
344,-3.25,-59.75,36.66,2006-09-01,69,24.0,34.0
345,-3.25,-59.75,76.11,2006-10-01,69,25.0,33.31
346,-3.25,-59.75,291.64,2006-11-01,69,24.0,32.0
347,-3.25,-59.75,253.72,2006-12-01,69,23.62,32.0
348,-3.25,-59.75,368.39,2007-01-01,69,24.0,31.0
349,-3.25,-59.75,151.14,2007-02-01,69,24.0,32.0
350,-3.25,-59.75,332.36,2007-03-01,69,23.12,30.56
351,-3.25,-59.75,352.04,2007-04-01,69,24.0,30.19
352,-3.25,-59.75,205.08,2007-05-01,69,24.0,31.0
353,-3.25,-59.75,93.11,2007-06-01,69,23.06,32.0
354,-3.25,-59.75,110.84,2007-07-01,69,23.0,32.0
355,-3.25,-59.75,125.48,2007-08-01,69,24.0,32.0
356,-3.25,-59.75,68.67,2007-09-01,69,24.0,33.0
357,-3.25,-59.75,80.77,2007-10-01,69,24.0,33.0
358,-3.25,-59.75,207.76,2007-11-01,69,24.0,33.0
359,-3.25,-59.75,275.4,2007-12-01,69,23.0,32.0
360,-3.25,-59.75,434.91,2008-01-01,69,23.0,30.0
361,-3.25,-59.75,280.78,2008-02-01,69,23.69,30.0
362,-3.25,-59.75,423.28,2008-03-01,69,23.0,31.0
363,-3.25,-59.75,290.04,2008-04-01,69,23.12,31.0
364,-3.25,-59.75,268.19,2008-05-01,69,23.0,30.0
365,-3.25,-59.75,197.35,2008-06-01,69,23.0,31.0
366,-3.25,-59.75,72.13,2008-07-01,69,24.0,32.0
367,-3.25,-59.75,61.4,2008-08-01,69,24.19,33.0
368,-3.25,-59.75,79.75,2008-09-01,69,24.0,32.56
369,-3.25,-59.75,156.77,2008-10-01,69,24.0,32.0
370,-3.25,-59.75,230.27,2008-11-01,69,24.0,32.0
371,-3.25,-59.75,386.89,2008-12-01,69,23.0,31.0
372,-3.25,-59.75,295.51,2009-01-01,69,23.88,30.0
373,-3.25,-59.75,402.01,2009-02-01,69,23.19,30.0
374,-3.25,-59.75,298.44,2009-03-01,69,24.0,30.0
375,-3.25,-59.75,244.22,2009-04-01,69,24.0,30.88
376,-3.25,-59.75,157.74,2009-05-01,69,24.0,30.62
377,-3.25,-59.75,157.06,2009-06-01,69,24.0,30.88
378,-3.25,-59.75,47.79,2009-07-01,69,24.0,32.0
379,-3.25,-59.75,27.22,2009-08-01,69,25.0,33.0
380,-3.25,-59.75,15.95,2009-09-01,69,25.0,34.0
381,-3.25,-59.75,62.24,2009-10-01,69,24.69,34.0
382,-3.25,-59.75,112.42,2009-11-01,69,25.0,34.0
383,-3.25,-59.75,244.11,2009-12-01,69,24.0,32.0
384,-3.25,-59.75,423.47,2020-01-01,69,25.0,32.0
385,-3.25,-59.75,249.21,2020-02-01,69,25.0,32.0
386,-3.25,-59.75,378.06,2020-03-01,69,25.0,31.0
387,-3.25,-59.75,321.11,2020-04-01,69,25.0,30.0
388,-3.25,-59.75,282.94,2020-05-01,69,24.56,30.19
389,-3.25,-59.75,189.81,2020-06-01,69,25.0,31.0
390,-3.25,-59.75,51.52,2020-07-01,69,24.0,32.0
391,-3.25,-59.75,31.96,2020-08-01,69,25.0,33.0
392,-3.25,-59.75,121.37,2020-09-01,69,25.0,34.0
393,-3.25,-59.75,128.87,2020-10-01,69,24.12,32.25
394,-3.25,-59.75,422.12,2020-11-01,69,25.0,32.0
395,-3.25,-59.75,375.22,2020-12-01,69,24.0,32.0
396,-3.25,-59.75,162.34,2021-01-01,69,24.0,30.0
397,-3.25,-59.75,306.47,2021-02-01,69,24.0,31.0
398,-3.25,-59.75,509.44,2021-03-01,69,24.0,30.0
399,-3.25,-59.75,159.34,2021-04-01,69,24.88,30.0
400,-3.25,-59.75,182.39,2021-05-01,69,25.0,30.0
401,-3.25,-59.75,215.24,2021-06-01,69,24.88,31.0
402,-3.25,-59.75,138.55,2021-07-01,69,24.0,31.0
403,-3.25,-59.75,163.56,2021-08-01,69,25.0,33.0
404,-3.25,-59.75,25.84,2021-09-01,69,24.25,32.0
405,-3.25,-59.75,177.22,2021-10-01,69,25.0,33.0
406,-3.25,-59.75,255.07,2021-11-01,69,25.0,31.88
407,-3.25,-59.75,219.01,2021-12-01,69,24.0,30.0
408,-3.25,-59.75,270.01,2010-01-01,69,24.0,32.0
409,-3.25,-59.75,279.2,2010-02-01,69,24.81,31.0
410,-3.25,-59.75,210.39,2010-03-01,69,24.0,31.62
411,-3.25,-59.75,326.88,2010-04-01,69,24.0,30.0
412,-3.25,-59.75,184.54,2010-05-01,69,25.0,31.0
413,-3.25,-59.75,116.34,2010-06-01,69,24.0,31.5
414,-3.25,-59.75,95.53,2010-07-01,69,24.0,31.0
415,-3.25,-59.75,50.41,2010-08-01,69,24.12,33.0
416,-3.25,-59.75,36.48,2010-09-01,69,25.0,34.0
417,-3.25,-59.75,110.28,2010-10-01,69,24.0,34.0
418,-3.25,-59.75,139.12,2010-11-01,69,24.0,32.0
419,-3.25,-59.75,273.42,2010-12-01,69,23.0,31.38
420,-3.25,-59.75,241.92,2011-01-01,69,24.0,30.0
421,-3.25,-59.75,413.5,2011-02-01,69,23.0,30.0
422,-3.25,-59.75,276.21,2011-03-01,69,24.0,30.0
423,-3.25,-59.75,459.24,2011-04-01,69,24.0,30.0
424,-3.25,-59.75,231.51,2011-05-01,69,24.0,30.0
425,-3.25,-59.75,114.42,2011-06-01,69,24.88,31.44
426,-3.25,-59.75,32.11,2011-07-01,69,24.12,32.0
427,-3.25,-59.75,64.59,2011-08-01,69,25.0,33.12
428,-3.25,-59.75,45.23,2011-09-01,69,24.12,33.12
429,-3.25,-59.75,205.55,2011-10-01,69,24.62,33.0
430,-3.25,-59.75,211.87,2011-11-01,69,24.0,32.0
431,-3.25,-59.75,222.38,2011-12-01,69,24.0,32.0
432,-3.25,-59.75,364.35,2012-01-01,69,24.0,30.0
433,-3.25,-59.75,291.3,2012-02-01,69,23.19,29.0
434,-3.25,-59.75,252.53,2012-03-01,69,24.0,30.0
435,-3.25,-59.75,144.58,2012-04-01,69,24.0,30.0
436,-3.25,-59.75,136.89,2012-05-01,69,24.0,31.0
437,-3.25,-59.75,78.12,2012-06-01,69,24.0,31.88
438,-3.25,-59.75,93.69,2012-07-01,69,24.0,31.0
439,-3.25,-59.75,38.78,2012-08-01,69,24.0,33.0
440,-3.25,-59.75,81.45,2012-09-01,69,25.0,33.0
441,-3.25,-59.75,161.78,2012-10-01,69,25.0,33.19
442,-3.25,-59.75,199.31,2012-11-01,69,25.0,33.38
443,-3.25,-59.75,273.46,2012-12-01,69,24.0,31.0
444,-3.25,-59.75,278.86,2013-01-01,69,24.0,31.0
445,-3.25,-59.75,271.12,2013-02-01,69,24.0,30.0
446,-3.25,-59.75,412.41,2013-03-01,69,24.0,31.0
447,-3.25,-59.75,344.62,2013-04-01,69,24.0,31.0
448,-3.25,-59.75,256.22,2013-05-01,69,24.0,31.0
449,-3.25,-59.75,61.53,2013-06-01,69,24.94,32.0
450,-3.25,-59.75,158.16,2013-07-01,69,24.0,31.0
451,-3.25,-59.75,75.94,2013-08-01,69,24.25,32.0
452,-3.25,-59.75,115.82,2013-09-01,69,25.0,33.0
453,-3.25,-59.75,181.71,2013-10-01,69,25.0,33.0
454,-3.25,-59.75,240.7,2013-11-01,69,24.0,31.81
455,-3.25,-59.75,129.18,2013-12-01,69,25.0,32.0
456,-3.25,-59.75,225.21,2014-01-01,69,24.0,31.0
457,-3.25,-59.75,265.77,2014-02-01,69,23.94,30.0
458,-3.25,-59.75,415.91,2014-03-01,69,24.0,30.0
459,-3.25,-59.75,225.69,2014-04-01,69,24.75,31.0
460,-3.25,-59.75,382.31,2014-05-01,69,25.0,31.0
461,-3.25,-59.75,201.92,2014-06-01,69,25.0,31.44
462,-3.25,-59.75,81.12,2014-07-01,69,24.0,32.0
463,-3.25,-59.75,48.27,2014-08-01,69,24.12,33.0
464,-3.25,-59.75,62.84,2014-09-01,69,25.0,35.0
465,-3.25,-59.75,186.21,2014-10-01,69,24.0,33.0
466,-3.25,-59.75,191.63,2014-11-01,69,25.0,32.0
467,-3.25,-59.75,143.91,2014-12-01,69,25.0,32.38
468,-3.25,-59.75,272.04,2015-01-01,69,24.0,31.0
469,-3.25,-59.75,228.14,2015-02-01,69,24.0,31.0
470,-3.25,-59.75,362.26,2015-03-01,69,24.0,30.0
471,-3.25,-59.75,212.34,2015-04-01,69,24.0,31.0
472,-3.25,-59.75,294.49,2015-05-01,69,24.0,31.0
473,-3.25,-59.75,92.31,2015-06-01,69,24.88,32.0
474,-3.25,-59.75,52.67,2015-07-01,69,24.62,32.06
475,-3.25,-59.75,12.12,2015-08-01,69,25.0,34.0
476,-3.25,-59.75,14.16,2015-09-01,69,26.0,35.0
477,-3.25,-59.75,27.92,2015-10-01,69,25.0,34.0
478,-3.25,-59.75,68.54,2015-11-01,69,25.0,34.0
479,-3.25,-59.75,123.88,2015-12-01,69,24.0,32.0
480,-3.25,-59.75,149.69,2016-01-01,69,25.0,32.0
481,-3.25,-59.75,215.81,2016-02-01,69,23.0,30.0
482,-3.25,-59.75,284.21,2016-03-01,69,25.0,31.0
483,-3.25,-59.75,277.78,2016-04-01,69,25.0,31.81
484,-3.25,-59.75,117.22,2016-05-01,69,25.0,31.94
485,-3.25,-59.75,104.02,2016-06-01,69,24.0,32.0
486,-3.25,-59.75,99.59,2016-07-01,69,24.12,32.94
487,-3.25,-59.75,55.36,2016-08-01,69,24.62,33.0
488,-3.25,-59.75,110.47,2016-09-01,69,24.0,32.0
489,-3.25,-59.75,160.31,2016-10-01,69,24.0,33.0
490,-3.25,-59.75,175.72,2016-11-01,69,25.0,33.0
491,-3.25,-59.75,492.53,2016-12-01,69,24.0,31.0
492,-3.25,-59.75,385.73,2017-01-01,69,23.88,31.0
493,-3.25,-59.75,256.94,2017-02-01,69,24.0,30.0
494,-3.25,-59.75,235.15,2017-03-01,69,24.0,30.62
495,-3.25,-59.75,313.28,2017-04-01,69,24.0,31.0
496,-3.25,-59.75,134.15,2017-05-01,69,24.0,32.0
497,-3.25,-59.75,133.77,2017-06-01,69,25.0,32.0
498,-3.25,-59.75,74.06,2017-07-01,69,24.0,32.5
499,-3.25,-59.75,29.18,2017-08-01,69,23.0,31.62
500,-3.25,-59.75,161.47,2017-09-01,69,25.0,33.0
501,-3.25,-59.75,155.79,2017-10-01,69,24.12,33.0
502,-3.25,-59.75,177.42,2017-11-01,69,25.0,33.0
503,-3.25,-59.75,484.95,2017-12-01,69,24.0,31.0
504,-3.25,-59.75,208.47,2018-01-01,69,23.38,31.0
505,-3.25,-59.75,321.56,2018-02-01,69,24.0,30.88
506,-3.25,-59.75,228.39,2018-03-01,69,24.12,31.0
507,-3.25,-59.75,263.54,2018-04-01,69,24.0,30.0
508,-3.25,-59.75,180.32,2018-05-01,69,24.0,30.12
509,-3.25,-59.75,196.56,2018-06-01,69,24.0,31.0
510,-3.25,-59.75,55.52,2018-07-01,69,24.0,32.0
511,-3.25,-59.75,56.54,2018-08-01,69,24.94,33.0
512,-3.25,-59.75,80.44,2018-09-01,69,25.0,34.0
513,-3.25,-59.75,61.49,2018-10-01,69,23.0,32.0
514,-3.25,-59.75,136.87,2018-11-01,69,25.0,33.0
515,-3.25,-59.75,335.11,2018-12-01,69,23.0,30.0
516,-3.25,-59.75,269.44,2019-01-01,69,24.0,31.0
517,-3.25,-59.75,336.89,2019-02-01,69,25.0,30.0
518,-3.25,-59.75,379.79,2019-03-01,69,25.0,31.62
519,-3.25,-59.75,253.61,2019-04-01,69,25.0,31.0
520,-3.25,-59.75,305.91,2019-05-01,69,25.0,30.0
521,-3.25,-59.75,64.57,2019-06-01,69,25.0,31.0
522,-3.25,-59.75,119.66,2019-07-01,69,24.5,31.0
523,-3.25,-59.75,54.49,2019-08-01,69,25.0,33.0
524,-3.25,-59.75,182.87,2019-09-01,69,25.0,33.0
525,-3.25,-59.75,249.46,2019-10-01,69,24.12,32.0
526,-3.25,-59.75,152.84,2019-11-01,69,25.0,32.0
527,-3.25,-59.75,209.52,2019-12-01,69,25.0,31.0
528,-2.25,-61.25,366.36,2000-01-01,78,22.0,30.0
529,-2.25,-61.25,264.69,2000-02-01,78,22.0,30.0
530,-2.25,-61.25,290.09,2000-03-01,78,22.38,30.0
531,-2.25,-61.25,455.74,2000-04-01,78,22.0,30.0
532,-2.25,-61.25,314.41,2000-05-01,78,23.0,31.0
533,-2.25,-61.25,120.17,2000-06-01,78,23.0,30.0
534,-2.25,-61.25,135.01,2000-07-01,78,22.0,30.0
535,-2.25,-61.25,147.56,2000-08-01,78,22.0,32.0
536,-2.25,-61.25,239.44,2000-09-01,78,22.0,32.0
537,-2.25,-61.25,99.62,2000-10-01,78,23.0,32.0
538,-2.25,-61.25,163.86,2000-11-01,78,23.0,32.0
539,-2.25,-61.25,161.21,2000-12-01,78,23.0,32.0
540,-2.25,-61.25,327.12,2001-01-01,78,22.0,30.0
541,-2.25,-61.25,190.92,2001-02-01,78,22.19,30.19
542,-2.25,-61.25,277.5,2001-03-01,78,23.0,31.0
543,-2.25,-61.25,255.1,2001-04-01,78,23.0,30.12
544,-2.25,-61.25,260.46,2001-05-01,78,23.0,31.0
545,-2.25,-61.25,220.29,2001-06-01,78,22.0,30.0
546,-2.25,-61.25,96.46,2001-07-01,78,22.0,31.0
547,-2.25,-61.25,52.11,2001-08-01,78,23.0,33.0
548,-2.25,-61.25,151.64,2001-09-01,78,22.0,32.25
549,-2.25,-61.25,73.53,2001-10-01,78,23.0,33.0
550,-2.25,-61.25,171.61,2001-11-01,78,23.0,33.0
551,-2.25,-61.25,233.26,2001-12-01,78,24.0,32.0
552,-2.25,-61.25,279.31,2002-01-01,78,23.0,31.31
553,-2.25,-61.25,236.02,2002-02-01,78,23.0,31.0
554,-2.25,-61.25,285.04,2002-03-01,78,23.0,30.5
555,-2.25,-61.25,384.08,2002-04-01,78,23.0,30.0
556,-2.25,-61.25,370.64,2002-05-01,78,23.0,30.0
557,-2.25,-61.25,259.93,2002-06-01,78,22.25,30.0
558,-2.25,-61.25,69.2,2002-07-01,78,23.0,31.12
559,-2.25,-61.25,77.02,2002-08-01,78,23.0,32.0
560,-2.25,-61.25,123.51,2002-09-01,78,23.0,33.0
561,-2.25,-61.25,214.29,2002-10-01,78,23.0,33.0
562,-2.25,-61.25,108.61,2002-11-01,78,23.0,32.0
563,-2.25,-61.25,242.55,2002-12-01,78,23.19,31.0
564,-2.25,-61.25,126.41,2003-01-01,78,24.0,32.0
565,-2.25,-61.25,242.75,2003-02-01,78,24.0,31.0
566,-2.25,-61.25,228.99,2003-03-01,78,23.38,31.0
567,-2.25,-61.25,377.58,2003-04-01,78,23.38,30.0
568,-2.25,-61.25,342.23,2003-05-01,78,23.0,30.0
569,-2.25,-61.25,190.28,2003-06-01,78,23.0,30.0
570,-2.25,-61.25,127.92,2003-07-01,78,23.0,31.0
571,-2.25,-61.25,192.35,2003-08-01,78,23.0,31.0
572,-2.25,-61.25,103.87,2003-09-01,78,22.44,31.0
573,-2.25,-61.25,127.07,2003-10-01,78,23.0,32.0
574,-2.25,-61.25,119.44,2003-11-01,78,23.0,32.0
575,-2.25,-61.25,102.22,2003-12-01,78,23.0,32.0
576,-2.25,-61.25,179.06,2004-01-01,78,24.0,31.0
577,-2.25,-61.25,212.25,2004-02-01,78,23.0,31.0
578,-2.25,-61.25,356.77,2004-03-01,78,24.0,30.0
579,-2.25,-61.25,328.4,2004-04-01,78,24.0,30.44
580,-2.25,-61.25,388.62,2004-05-01,78,23.0,30.0
581,-2.25,-61.25,172.69,2004-06-01,78,23.0,30.0
582,-2.25,-61.25,134.72,2004-07-01,78,23.0,30.0
583,-2.25,-61.25,184.35,2004-08-01,78,23.0,31.0
584,-2.25,-61.25,129.42,2004-09-01,78,23.0,31.0
585,-2.25,-61.25,97.66,2004-10-01,78,23.88,32.0
586,-2.25,-61.25,82.69,2004-11-01,78,24.0,32.0
587,-2.25,-61.25,150.5,2004-12-01,78,23.0,32.0
588,-2.25,-61.25,216.5,2005-01-01,78,24.0,31.0
589,-2.25,-61.25,360.46,2005-02-01,78,24.0,30.0
590,-2.25,-61.25,331.32,2005-03-01,78,24.0,30.0
591,-2.25,-61.25,405.71,2005-04-01,78,24.0,30.0
592,-2.25,-61.25,368.12,2005-05-01,78,24.0,31.0
593,-2.25,-61.25,139.23,2005-06-01,78,23.0,31.0
594,-2.25,-61.25,92.05,2005-07-01,78,23.0,31.0
595,-2.25,-61.25,49.51,2005-08-01,78,23.0,32.0
596,-2.25,-61.25,112.16,2005-09-01,78,23.0,32.0
597,-2.25,-61.25,113.19,2005-10-01,78,23.0,33.0
598,-2.25,-61.25,168.08,2005-11-01,78,24.0,32.0
599,-2.25,-61.25,334.11,2005-12-01,78,23.0,31.0
600,-2.25,-61.25,273.99,2006-01-01,78,24.0,30.0
601,-2.25,-61.25,350.73,2006-02-01,78,23.94,30.0
602,-2.25,-61.25,281.14,2006-03-01,78,22.0,31.0
603,-2.25,-61.25,268.08,2006-04-01,78,23.0,30.0
604,-2.25,-61.25,382.18,2006-05-01,78,23.0,29.0
605,-2.25,-61.25,170.26,2006-06-01,78,23.0,30.06
606,-2.25,-61.25,120.51,2006-07-01,78,23.0,31.0
607,-2.25,-61.25,54.9,2006-08-01,78,23.0,32.0
608,-2.25,-61.25,87.09,2006-09-01,78,23.0,33.0
609,-2.25,-61.25,95.51,2006-10-01,78,24.0,33.0
610,-2.25,-61.25,223.48,2006-11-01,78,23.0,31.0
611,-2.25,-61.25,220.19,2006-12-01,78,23.0,32.0
612,-2.25,-61.25,306.71,2007-01-01,78,24.0,31.0
613,-2.25,-61.25,140.27,2007-02-01,78,24.0,32.0
614,-2.25,-61.25,347.14,2007-03-01,78,23.0,30.06
615,-2.25,-61.25,347.34,2007-04-01,78,23.0,30.0
616,-2.25,-61.25,244.41,2007-05-01,78,23.0,30.0
617,-2.25,-61.25,149.24,2007-06-01,78,23.0,31.0
618,-2.25,-61.25,139.08,2007-07-01,78,23.0,31.0
619,-2.25,-61.25,171.64,2007-08-01,78,23.0,31.0
620,-2.25,-61.25,106.12,2007-09-01,78,23.0,32.0
621,-2.25,-61.25,75.15,2007-10-01,78,23.0,32.0
622,-2.25,-61.25,188.92,2007-11-01,78,23.0,32.0
623,-2.25,-61.25,357.04,2007-12-01,78,22.19,31.0
624,-2.25,-61.25,345.39,2008-01-01,78,23.0,30.0
625,-2.25,-61.25,311.31,2008-02-01,78,23.0,30.0
626,-2.25,-61.25,375.98,2008-03-01,78,22.38,31.0
627,-2.25,-61.25,364.11,2008-04-01,78,23.0,30.06
628,-2.25,-61.25,336.0,2008-05-01,78,23.0,29.0
629,-2.25,-61.25,220.08,2008-06-01,78,23.0,30.0
630,-2.25,-61.25,114.32,2008-07-01,78,23.0,31.0
631,-2.25,-61.25,77.61,2008-08-01,78,23.0,32.0
632,-2.25,-61.25,112.84,2008-09-01,78,23.0,32.0
633,-2.25,-61.25,165.34,2008-10-01,78,23.0,31.06
634,-2.25,-61.25,171.53,2008-11-01,78,23.0,31.0
635,-2.25,-61.25,422.08,2008-12-01,78,23.0,31.0
636,-2.25,-61.25,326.61,2009-01-01,78,23.0,30.0
637,-2.25,-61.25,368.23,2009-02-01,78,23.0,30.0
638,-2.25,-61.25,349.89,2009-03-01,78,23.0,30.06
639,-2.25,-61.25,327.76,2009-04-01,78,23.0,31.0
640,-2.25,-61.25,188.75,2009-05-01,78,23.0,30.0
641,-2.25,-61.25,276.11,2009-06-01,78,23.0,30.0
642,-2.25,-61.25,96.68,2009-07-01,78,23.0,31.12
643,-2.25,-61.25,74.26,2009-08-01,78,24.0,32.0
644,-2.25,-61.25,51.05,2009-09-01,78,24.0,33.0
645,-2.25,-61.25,97.11,2009-10-01,78,24.0,33.0
646,-2.25,-61.25,150.73,2009-11-01,78,24.0,33.0
647,-2.25,-61.25,210.48,2009-12-01,78,24.0,31.06
648,-2.25,-61.25,288.33,2020-01-01,78,24.0,32.0
649,-2.25,-61.25,165.49,2020-02-01,78,24.19,32.0
650,-2.25,-61.25,326.01,2020-03-01,78,25.0,32.0
651,-2.25,-61.25,337.82,2020-04-01,78,24.0,30.0
652,-2.25,-61.25,384.68,2020-05-01,78,24.0,30.0
653,-2.25,-61.25,244.62,2020-06-01,78,24.0,31.0
654,-2.25,-61.25,90.59,2020-07-01,78,23.38,31.0
655,-2.25,-61.25,57.96,2020-08-01,78,24.0,32.0
656,-2.25,-61.25,194.81,2020-09-01,78,24.0,33.0
657,-2.25,-61.25,139.86,2020-10-01,78,23.0,32.0
658,-2.25,-61.25,295.28,2020-11-01,78,24.0,31.0
659,-2.25,-61.25,441.28,2020-12-01,78,23.0,31.75
660,-2.25,-61.25,264.16,2021-01-01,78,23.0,30.0
661,-2.25,-61.25,242.89,2021-02-01,78,23.94,31.25
662,-2.25,-61.25,450.69,2021-03-01,78,23.0,30.0
663,-2.25,-61.25,329.98,2021-04-01,78,24.0,30.0
664,-2.25,-61.25,267.26,2021-05-01,78,24.0,30.0
665,-2.25,-61.25,289.49,2021-06-01,78,24.0,30.06
666,-2.25,-61.25,172.61,2021-07-01,78,24.0,30.0
667,-2.25,-61.25,205.01,2021-08-01,78,24.0,32.0
668,-2.25,-61.25,88.18,2021-09-01,78,23.0,32.0
669,-2.25,-61.25,170.16,2021-10-01,78,24.0,32.0
670,-2.25,-61.25,228.22,2021-11-01,78,24.0,31.0
671,-2.25,-61.25,194.06,2021-12-01,78,24.0,30.0
672,-2.25,-61.25,231.61,2010-01-01,78,24.0,32.0
673,-2.25,-61.25,269.26,2010-02-01,78,24.0,31.0
674,-2.25,-61.25,237.78,2010-03-01,78,24.0,31.56
675,-2.25,-61.25,413.86,2010-04-01,78,24.0,30.0
676,-2.25,-61.25,233.96,2010-05-01,78,24.0,31.0
677,-2.25,-61.25,159.39,2010-06-01,78,23.0,31.0
678,-2.25,-61.25,121.37,2010-07-01,78,23.0,31.0
679,-2.25,-61.25,75.67,2010-08-01,78,23.25,32.0
680,-2.25,-61.25,69.68,2010-09-01,78,24.0,33.0
681,-2.25,-61.25,127.48,2010-10-01,78,23.0,33.0
682,-2.25,-61.25,157.44,2010-11-01,78,23.0,32.0
683,-2.25,-61.25,251.71,2010-12-01,78,23.0,31.75
684,-2.25,-61.25,250.75,2011-01-01,78,23.0,30.0
685,-2.25,-61.25,406.99,2011-02-01,78,23.0,30.0
686,-2.25,-61.25,274.12,2011-03-01,78,23.0,30.0
687,-2.25,-61.25,401.8,2011-04-01,78,23.0,30.0
688,-2.25,-61.25,279.65,2011-05-01,78,24.0,30.0
689,-2.25,-61.25,156.05,2011-06-01,78,24.0,31.0
690,-2.25,-61.25,79.12,2011-07-01,78,24.0,31.12
691,-2.25,-61.25,89.09,2011-08-01,78,24.0,33.0
692,-2.25,-61.25,102.64,2011-09-01,78,23.0,33.0
693,-2.25,-61.25,175.2,2011-10-01,78,24.0,32.0
694,-2.25,-61.25,175.58,2011-11-01,78,24.0,31.0
695,-2.25,-61.25,183.57,2011-12-01,78,23.25,32.0
696,-2.25,-61.25,363.98,2012-01-01,78,23.0,30.0
697,-2.25,-61.25,376.3,2012-02-01,78,23.0,29.0
698,-2.25,-61.25,259.31,2012-03-01,78,23.0,30.0
699,-2.25,-61.25,306.28,2012-04-01,78,23.38,30.0
700,-2.25,-61.25,224.16,2012-05-01,78,23.0,30.0
701,-2.25,-61.25,132.38,2012-06-01,78,23.0,31.0
702,-2.25,-61.25,135.68,2012-07-01,78,23.0,31.0
703,-2.25,-61.25,83.52,2012-08-01,78,23.0,32.0
704,-2.25,-61.25,119.03,2012-09-01,78,23.0,32.0
705,-2.25,-61.25,171.13,2012-10-01,78,24.0,33.0
706,-2.25,-61.25,195.3,2012-11-01,78,24.0,33.0
707,-2.25,-61.25,270.53,2012-12-01,78,23.0,31.0
708,-2.25,-61.25,227.49,2013-01-01,78,24.0,31.0
709,-2.25,-61.25,403.49,2013-02-01,78,23.0,30.0
710,-2.25,-61.25,321.64,2013-03-01,78,24.0,31.0
711,-2.25,-61.25,365.31,2013-04-01,78,24.0,31.0
712,-2.25,-61.25,312.41,2013-05-01,78,23.31,31.0
713,-2.25,-61.25,132.82,2013-06-01,78,24.0,31.0
714,-2.25,-61.25,175.14,2013-07-01,78,23.0,31.0
715,-2.25,-61.25,120.84,2013-08-01,78,23.0,31.0
716,-2.25,-61.25,155.42,2013-09-01,78,24.0,32.0
717,-2.25,-61.25,179.08,2013-10-01,78,24.0,32.06
718,-2.25,-61.25,223.08,2013-11-01,78,24.0,31.0
719,-2.25,-61.25,105.79,2013-12-01,78,24.0,32.0
720,-2.25,-61.25,257.17,2014-01-01,78,24.0,31.0
721,-2.25,-61.25,285.38,2014-02-01,78,23.0,30.0
722,-2.25,-61.25,356.31,2014-03-01,78,24.0,30.0
723,-2.25,-61.25,264.45,2014-04-01,78,24.0,31.0
724,-2.25,-61.25,288.75,2014-05-01,78,24.0,30.0
725,-2.25,-61.25,174.22,2014-06-01,78,24.0,31.0
726,-2.25,-61.25,88.51,2014-07-01,78,23.0,31.0
727,-2.25,-61.25,87.96,2014-08-01,78,23.0,32.0
728,-2.25,-61.25,60.68,2014-09-01,78,24.0,34.0
729,-2.25,-61.25,200.14,2014-10-01,78,23.0,32.0
730,-2.25,-61.25,185.22,2014-11-01,78,24.0,32.0
731,-2.25,-61.25,156.8,2014-12-01,78,24.0,32.0
732,-2.25,-61.25,268.54,2015-01-01,78,23.0,31.0
733,-2.25,-61.25,161.64,2015-02-01,78,23.94,31.19
734,-2.25,-61.25,296.21,2015-03-01,78,23.0,30.06
735,-2.25,-61.25,329.01,2015-04-01,78,24.0,31.0
736,-2.25,-61.25,308.08,2015-05-01,78,24.0,30.06
737,-2.25,-61.25,128.29,2015-06-01,78,24.0,31.0
738,-2.25,-61.25,62.91,2015-07-01,78,24.0,32.0
739,-2.25,-61.25,39.39,2015-08-01,78,24.0,33.0
740,-2.25,-61.25,34.31,2015-09-01,78,25.0,34.44
741,-2.25,-61.25,45.79,2015-10-01,78,24.0,33.0
742,-2.25,-61.25,79.01,2015-11-01,78,24.0,33.0
743,-2.25,-61.25,111.34,2015-12-01,78,24.0,32.0
744,-2.25,-61.25,111.29,2016-01-01,78,24.06,32.0
745,-2.25,-61.25,167.39,2016-02-01,78,22.25,30.0
746,-2.25,-61.25,204.21,2016-03-01,78,24.0,31.0
747,-2.25,-61.25,222.92,2016-04-01,78,23.62,31.56
748,-2.25,-61.25,121.88,2016-05-01,78,24.0,31.0
749,-2.25,-61.25,100.66,2016-06-01,78,23.0,31.06
750,-2.25,-61.25,104.04,2016-07-01,78,23.0,32.0
751,-2.25,-61.25,78.38,2016-08-01,78,23.0,32.19
752,-2.25,-61.25,123.41,2016-09-01,78,23.0,32.0
753,-2.25,-61.25,117.45,2016-10-01,78,23.0,32.0
754,-2.25,-61.25,114.16,2016-11-01,78,24.0,33.0
755,-2.25,-61.25,305.33,2016-12-01,78,23.0,30.06
756,-2.25,-61.25,256.26,2017-01-01,78,23.0,31.0
757,-2.25,-61.25,243.56,2017-02-01,78,23.0,31.0
758,-2.25,-61.25,189.5,2017-03-01,78,23.0,31.0
759,-2.25,-61.25,307.12,2017-04-01,78,23.0,31.0
760,-2.25,-61.25,181.33,2017-05-01,78,23.0,32.0
761,-2.25,-61.25,145.39,2017-06-01,78,23.0,32.0
762,-2.25,-61.25,80.61,2017-07-01,78,23.0,32.0
763,-2.25,-61.25,53.09,2017-08-01,78,22.0,31.0
764,-2.25,-61.25,160.75,2017-09-01,78,24.0,32.0
765,-2.25,-61.25,117.43,2017-10-01,78,23.0,32.0
766,-2.25,-61.25,133.06,2017-11-01,78,24.0,32.0
767,-2.25,-61.25,279.11,2017-12-01,78,24.0,31.0
768,-2.25,-61.25,231.52,2018-01-01,78,23.0,31.0
769,-2.25,-61.25,192.48,2018-02-01,78,24.0,31.0
770,-2.25,-61.25,224.06,2018-03-01,78,24.0,31.06
771,-2.25,-61.25,427.8,2018-04-01,78,23.0,30.0
772,-2.25,-61.25,257.09,2018-05-01,78,23.0,30.0
773,-2.25,-61.25,221.71,2018-06-01,78,23.0,31.0
774,-2.25,-61.25,125.43,2018-07-01,78,23.0,31.0
775,-2.25,-61.25,67.88,2018-08-01,78,23.0,32.0
776,-2.25,-61.25,121.06,2018-09-01,78,24.0,33.0
777,-2.25,-61.25,69.55,2018-10-01,78,22.0,31.12
778,-2.25,-61.25,170.91,2018-11-01,78,24.0,32.0
779,-2.25,-61.25,322.52,2018-12-01,78,23.0,30.75
780,-2.25,-61.25,325.08,2019-01-01,78,23.0,31.0
781,-2.25,-61.25,253.44,2019-02-01,78,24.0,31.0
782,-2.25,-61.25,346.92,2019-03-01,78,24.0,32.0
783,-2.25,-61.25,359.09,2019-04-01,78,24.0,31.0
784,-2.25,-61.25,345.66,2019-05-01,78,24.0,30.0
785,-2.25,-61.25,142.44,2019-06-01,78,24.0,31.0
786,-2.25,-61.25,137.22,2019-07-01,78,24.0,31.0
787,-2.25,-61.25,80.16,2019-08-01,78,24.0,32.0
788,-2.25,-61.25,195.61,2019-09-01,78,24.0,32.0
789,-2.25,-61.25,212.45,2019-10-01,78,23.0,31.06
790,-2.25,-61.25,199.66,2019-11-01,78,24.0,31.0
791,-2.25,-61.25,297.91,2019-12-01,78,24.0,31.0
792,-2.25,-59.75,312.49,2000-01-01,79,22.0,30.0
793,-2.25,-59.75,278.98,2000-02-01,79,22.0,30.0
794,-2.25,-59.75,346.19,2000-03-01,79,22.31,29.88
795,-2.25,-59.75,498.84,2000-04-01,79,22.0,30.0
796,-2.25,-59.75,286.33,2000-05-01,79,23.0,31.0
797,-2.25,-59.75,94.88,2000-06-01,79,23.0,30.31
798,-2.25,-59.75,86.59,2000-07-01,79,22.0,30.25
799,-2.25,-59.75,196.14,2000-08-01,79,22.38,32.0
800,-2.25,-59.75,222.05,2000-09-01,79,23.0,32.0
801,-2.25,-59.75,89.57,2000-10-01,79,23.0,32.0
802,-2.25,-59.75,130.51,2000-11-01,79,23.75,32.0
803,-2.25,-59.75,133.36,2000-12-01,79,23.0,32.0
804,-2.25,-59.75,323.88,2001-01-01,79,22.0,30.0
805,-2.25,-59.75,211.91,2001-02-01,79,22.62,30.0
806,-2.25,-59.75,261.06,2001-03-01,79,23.0,30.5
807,-2.25,-59.75,264.16,2001-04-01,79,23.0,30.0
808,-2.25,-59.75,287.48,2001-05-01,79,23.0,31.0
809,-2.25,-59.75,225.31,2001-06-01,79,22.0,30.0
810,-2.25,-59.75,84.74,2001-07-01,79,22.0,30.69
811,-2.25,-59.75,48.99,2001-08-01,79,23.0,33.0
812,-2.25,-59.75,110.57,2001-09-01,79,23.0,33.0
813,-2.25,-59.75,77.52,2001-10-01,79,24.0,33.44
814,-2.25,-59.75,186.9,2001-11-01,79,24.0,33.0
815,-2.25,-59.75,172.14,2001-12-01,79,24.0,32.0
816,-2.25,-59.75,291.62,2002-01-01,79,23.0,31.0
817,-2.25,-59.75,216.01,2002-02-01,79,23.0,30.5
818,-2.25,-59.75,229.39,2002-03-01,79,23.0,30.0
819,-2.25,-59.75,416.57,2002-04-01,79,23.0,30.0
820,-2.25,-59.75,338.04,2002-05-01,79,23.0,30.0
821,-2.25,-59.75,233.45,2002-06-01,79,23.0,30.31
822,-2.25,-59.75,23.01,2002-07-01,79,23.0,32.0
823,-2.25,-59.75,68.72,2002-08-01,79,23.0,32.06
824,-2.25,-59.75,64.54,2002-09-01,79,23.06,33.25
825,-2.25,-59.75,201.91,2002-10-01,79,24.0,33.0
826,-2.25,-59.75,72.78,2002-11-01,79,23.06,32.06
827,-2.25,-59.75,239.88,2002-12-01,79,23.69,31.0
828,-2.25,-59.75,121.54,2003-01-01,79,24.0,31.44
829,-2.25,-59.75,275.01,2003-02-01,79,24.0,30.5
830,-2.25,-59.75,218.38,2003-03-01,79,23.0,30.19
831,-2.25,-59.75,441.08,2003-04-01,79,23.0,30.0
832,-2.25,-59.75,270.48,2003-05-01,79,23.0,30.12
833,-2.25,-59.75,161.16,2003-06-01,79,23.0,31.0
834,-2.25,-59.75,140.01,2003-07-01,79,22.12,31.0
835,-2.25,-59.75,203.19,2003-08-01,79,23.0,31.06
836,-2.25,-59.75,83.26,2003-09-01,79,23.0,32.0
837,-2.25,-59.75,105.12,2003-10-01,79,24.0,32.0
838,-2.25,-59.75,113.83,2003-11-01,79,23.88,32.0
839,-2.25,-59.75,79.14,2003-12-01,79,23.69,31.88
840,-2.25,-59.75,155.63,2004-01-01,79,24.0,31.0
841,-2.25,-59.75,147.21,2004-02-01,79,23.12,30.0
842,-2.25,-59.75,390.81,2004-03-01,79,24.0,30.0
843,-2.25,-59.75,263.51,2004-04-01,79,24.0,30.0
844,-2.25,-59.75,472.58,2004-05-01,79,23.44,30.0
845,-2.25,-59.75,174.84,2004-06-01,79,23.0,30.0
846,-2.25,-59.75,99.71,2004-07-01,79,23.0,30.69
847,-2.25,-59.75,229.95,2004-08-01,79,23.44,31.69
848,-2.25,-59.75,128.0,2004-09-01,79,23.25,32.0
849,-2.25,-59.75,80.52,2004-10-01,79,24.0,32.81
850,-2.25,-59.75,24.08,2004-11-01,79,24.0,33.0
851,-2.25,-59.75,121.22,2004-12-01,79,23.0,32.0
852,-2.25,-59.75,151.16,2005-01-01,79,24.0,31.0
853,-2.25,-59.75,292.02,2005-02-01,79,24.0,30.0
854,-2.25,-59.75,315.41,2005-03-01,79,24.0,30.0
855,-2.25,-59.75,420.21,2005-04-01,79,24.0,30.0
856,-2.25,-59.75,290.27,2005-05-01,79,24.0,31.0
857,-2.25,-59.75,96.26,2005-06-01,79,23.94,31.0
858,-2.25,-59.75,79.97,2005-07-01,79,23.0,31.0
859,-2.25,-59.75,33.64,2005-08-01,79,23.12,32.12
860,-2.25,-59.75,60.39,2005-09-01,79,23.0,32.31
861,-2.25,-59.75,80.41,2005-10-01,79,24.0,33.0
862,-2.25,-59.75,210.96,2005-11-01,79,24.0,32.0
863,-2.25,-59.75,300.51,2005-12-01,79,23.0,31.0
864,-2.25,-59.75,170.26,2006-01-01,79,24.0,30.0
865,-2.25,-59.75,298.33,2006-02-01,79,23.0,29.94
866,-2.25,-59.75,278.25,2006-03-01,79,22.69,31.0
867,-2.25,-59.75,286.28,2006-04-01,79,23.0,30.0
868,-2.25,-59.75,433.02,2006-05-01,79,23.0,29.0
869,-2.25,-59.75,128.41,2006-06-01,79,23.0,30.75
870,-2.25,-59.75,128.47,2006-07-01,79,23.0,31.0
871,-2.25,-59.75,41.58,2006-08-01,79,23.0,32.0
872,-2.25,-59.75,45.75,2006-09-01,79,23.19,33.0
873,-2.25,-59.75,87.49,2006-10-01,79,24.19,33.0
874,-2.25,-59.75,272.49,2006-11-01,79,23.19,31.69
875,-2.25,-59.75,221.39,2006-12-01,79,23.0,32.0
876,-2.25,-59.75,304.96,2007-01-01,79,24.0,31.0
877,-2.25,-59.75,132.77,2007-02-01,79,24.0,32.0
878,-2.25,-59.75,336.65,2007-03-01,79,23.0,30.0
879,-2.25,-59.75,386.21,2007-04-01,79,23.0,30.0
880,-2.25,-59.75,256.46,2007-05-01,79,23.0,30.12
881,-2.25,-59.75,135.56,2007-06-01,79,23.0,31.0
882,-2.25,-59.75,163.53,2007-07-01,79,22.94,31.25
883,-2.25,-59.75,192.73,2007-08-01,79,23.0,32.0
884,-2.25,-59.75,84.71,2007-09-01,79,23.0,32.69
885,-2.25,-59.75,87.76,2007-10-01,79,23.0,32.38
886,-2.25,-59.75,204.97,2007-11-01,79,23.06,32.06
887,-2.25,-59.75,261.42,2007-12-01,79,22.19,31.06
888,-2.25,-59.75,371.91,2008-01-01,79,23.0,30.0
889,-2.25,-59.75,228.28,2008-02-01,79,23.0,29.0
890,-2.25,-59.75,459.84,2008-03-01,79,23.0,30.5
891,-2.25,-59.75,325.62,2008-04-01,79,23.0,30.31
892,-2.25,-59.75,339.99,2008-05-01,79,23.0,30.0
893,-2.25,-59.75,269.45,2008-06-01,79,23.0,30.31
894,-2.25,-59.75,113.92,2008-07-01,79,23.0,31.0
895,-2.25,-59.75,95.71,2008-08-01,79,24.0,32.06
896,-2.25,-59.75,98.87,2008-09-01,79,23.69,32.0
897,-2.25,-59.75,179.95,2008-10-01,79,24.0,32.0
898,-2.25,-59.75,226.91,2008-11-01,79,23.31,31.31
899,-2.25,-59.75,356.54,2008-12-01,79,23.0,31.0
900,-2.25,-59.75,248.12,2009-01-01,79,23.0,30.0
901,-2.25,-59.75,366.73,2009-02-01,79,23.0,29.5
902,-2.25,-59.75,281.49,2009-03-01,79,23.0,30.0
903,-2.25,-59.75,280.06,2009-04-01,79,23.0,30.0
904,-2.25,-59.75,190.52,2009-05-01,79,23.0,30.0
905,-2.25,-59.75,216.12,2009-06-01,79,23.0,30.0
906,-2.25,-59.75,72.69,2009-07-01,79,23.0,31.25
907,-2.25,-59.75,27.1,2009-08-01,79,24.44,32.0
908,-2.25,-59.75,21.84,2009-09-01,79,24.0,33.25
909,-2.25,-59.75,69.17,2009-10-01,79,24.0,33.0
910,-2.25,-59.75,121.61,2009-11-01,79,24.0,33.06
911,-2.25,-59.75,208.43,2009-12-01,79,24.0,31.88
912,-2.25,-59.75,338.75,2020-01-01,79,24.0,31.94
913,-2.25,-59.75,182.41,2020-02-01,79,24.56,31.5
914,-2.25,-59.75,397.32,2020-03-01,79,24.81,31.0
915,-2.25,-59.75,354.99,2020-04-01,79,24.0,30.0
916,-2.25,-59.75,351.41,2020-05-01,79,24.0,30.0
917,-2.25,-59.75,260.17,2020-06-01,79,24.0,31.0
918,-2.25,-59.75,79.62,2020-07-01,79,23.12,31.12
919,-2.25,-59.75,52.47,2020-08-01,79,24.0,32.12
920,-2.25,-59.75,151.07,2020-09-01,79,24.06,33.0
921,-2.25,-59.75,141.99,2020-10-01,79,24.0,32.0
922,-2.25,-59.75,399.28,2020-11-01,79,24.0,31.75
923,-2.25,-59.75,351.35,2020-12-01,79,23.0,31.0
924,-2.25,-59.75,158.64,2021-01-01,79,23.0,30.0
925,-2.25,-59.75,246.54,2021-02-01,79,23.62,31.0
926,-2.25,-59.75,531.04,2021-03-01,79,23.0,29.0
927,-2.25,-59.75,214.27,2021-04-01,79,24.0,30.0
928,-2.25,-59.75,232.54,2021-05-01,79,24.0,30.0
929,-2.25,-59.75,297.65,2021-06-01,79,24.0,30.12
930,-2.25,-59.75,198.06,2021-07-01,79,24.0,30.25
931,-2.25,-59.75,272.79,2021-08-01,79,24.0,32.0
932,-2.25,-59.75,38.61,2021-09-01,79,24.0,32.0
933,-2.25,-59.75,191.27,2021-10-01,79,24.0,32.12
934,-2.25,-59.75,251.07,2021-11-01,79,24.0,31.0
935,-2.25,-59.75,189.86,2021-12-01,79,24.0,30.0
936,-2.25,-59.75,223.66,2010-01-01,79,24.0,31.12
937,-2.25,-59.75,243.27,2010-02-01,79,24.0,30.88
938,-2.25,-59.75,191.12,2010-03-01,79,24.0,31.0
939,-2.25,-59.75,373.82,2010-04-01,79,24.0,30.0
940,-2.25,-59.75,224.34,2010-05-01,79,24.0,31.0
941,-2.25,-59.75,157.37,2010-06-01,79,23.0,31.0
942,-2.25,-59.75,139.77,2010-07-01,79,23.0,31.0
943,-2.25,-59.75,87.42,2010-08-01,79,24.0,32.0
944,-2.25,-59.75,45.44,2010-09-01,79,24.0,33.0
945,-2.25,-59.75,126.75,2010-10-01,79,24.0,33.12
946,-2.25,-59.75,149.26,2010-11-01,79,24.0,32.0
947,-2.25,-59.75,237.08,2010-12-01,79,23.0,31.0
948,-2.25,-59.75,205.5,2011-01-01,79,23.0,30.0
949,-2.25,-59.75,393.75,2011-02-01,79,23.0,29.5
950,-2.25,-59.75,312.42,2011-03-01,79,23.0,29.88
951,-2.25,-59.75,502.15,2011-04-01,79,23.0,30.0
952,-2.25,-59.75,292.18,2011-05-01,79,24.0,30.0
953,-2.25,-59.75,163.24,2011-06-01,79,24.0,31.0
954,-2.25,-59.75,56.84,2011-07-01,79,24.0,32.0
955,-2.25,-59.75,100.87,2011-08-01,79,24.0,33.0
956,-2.25,-59.75,57.31,2011-09-01,79,24.0,33.0
957,-2.25,-59.75,226.96,2011-10-01,79,24.0,32.0
958,-2.25,-59.75,202.82,2011-11-01,79,24.0,31.0
959,-2.25,-59.75,200.64,2011-12-01,79,24.0,32.0
960,-2.25,-59.75,316.54,2012-01-01,79,23.0,30.0
961,-2.25,-59.75,269.11,2012-02-01,79,23.0,29.0
962,-2.25,-59.75,250.71,2012-03-01,79,23.31,29.56
963,-2.25,-59.75,187.66,2012-04-01,79,23.69,30.0
964,-2.25,-59.75,180.63,2012-05-01,79,23.44,30.69
965,-2.25,-59.75,121.11,2012-06-01,79,23.12,31.0
966,-2.25,-59.75,142.77,2012-07-01,79,23.0,31.0
967,-2.25,-59.75,65.98,2012-08-01,79,23.12,32.0
968,-2.25,-59.75,103.52,2012-09-01,79,24.0,33.0
969,-2.25,-59.75,181.22,2012-10-01,79,24.0,33.0
970,-2.25,-59.75,197.65,2012-11-01,79,24.0,33.0
971,-2.25,-59.75,248.31,2012-12-01,79,23.0,31.0
972,-2.25,-59.75,234.08,2013-01-01,79,24.0,31.0
973,-2.25,-59.75,263.35,2013-02-01,79,23.0,29.88
974,-2.25,-59.75,433.71,2013-03-01,79,24.0,30.0
975,-2.25,-59.75,374.26,2013-04-01,79,24.0,30.81
976,-2.25,-59.75,312.17,2013-05-01,79,23.12,30.88
977,-2.25,-59.75,88.14,2013-06-01,79,24.0,31.12
978,-2.25,-59.75,234.58,2013-07-01,79,23.0,31.0
979,-2.25,-59.75,129.44,2013-08-01,79,24.0,31.0
980,-2.25,-59.75,136.8,2013-09-01,79,24.0,32.0
981,-2.25,-59.75,197.72,2013-10-01,79,24.0,33.0
982,-2.25,-59.75,236.46,2013-11-01,79,24.0,31.0
983,-2.25,-59.75,111.4,2013-12-01,79,24.0,32.0
984,-2.25,-59.75,198.11,2014-01-01,79,24.0,31.0
985,-2.25,-59.75,235.52,2014-02-01,79,23.0,30.0
986,-2.25,-59.75,445.49,2014-03-01,79,23.81,30.0
987,-2.25,-59.75,252.19,2014-04-01,79,24.0,30.31
988,-2.25,-59.75,435.24,2014-05-01,79,24.0,30.31
989,-2.25,-59.75,267.56,2014-06-01,79,24.0,31.0
990,-2.25,-59.75,107.36,2014-07-01,79,23.0,31.0
991,-2.25,-59.75,64.84,2014-08-01,79,24.0,32.0
992,-2.25,-59.75,75.91,2014-09-01,79,24.0,34.0
993,-2.25,-59.75,211.18,2014-10-01,79,24.0,32.0
994,-2.25,-59.75,188.91,2014-11-01,79,24.0,32.0
995,-2.25,-59.75,127.06,2014-12-01,79,24.0,32.0
996,-2.25,-59.75,238.52,2015-01-01,79,23.0,30.94
997,-2.25,-59.75,173.06,2015-02-01,79,24.0,31.0
998,-2.25,-59.75,372.72,2015-03-01,79,23.31,30.0
999,-2.25,-59.75,255.7,2015-04-01,79,24.0,30.06
1000,-2.25,-59.75,355.28,2015-05-01,79,24.0,31.0
1001,-2.25,-59.75,124.91,2015-06-01,79,24.0,31.12
1002,-2.25,-59.75,80.82,2015-07-01,79,24.0,32.0
1003,-2.25,-59.75,20.72,2015-08-01,79,24.0,33.0
1004,-2.25,-59.75,19.37,2015-09-01,79,25.0,34.69
1005,-2.25,-59.75,30.68,2015-10-01,79,25.0,34.0
1006,-2.25,-59.75,65.04,2015-11-01,79,24.06,33.31
1007,-2.25,-59.75,100.89,2015-12-01,79,24.0,32.0
1008,-2.25,-59.75,122.16,2016-01-01,79,24.94,32.0
1009,-2.25,-59.75,184.76,2016-02-01,79,23.0,30.0
1010,-2.25,-59.75,250.07,2016-03-01,79,24.0,30.5
1011,-2.25,-59.75,290.94,2016-04-01,79,24.0,31.0
1012,-2.25,-59.75,134.21,2016-05-01,79,24.0,31.0
1013,-2.25,-59.75,131.23,2016-06-01,79,23.94,31.12
1014,-2.25,-59.75,138.09,2016-07-01,79,24.0,32.0
1015,-2.25,-59.75,84.91,2016-08-01,79,24.0,32.69
1016,-2.25,-59.75,127.17,2016-09-01,79,24.0,32.0
1017,-2.25,-59.75,164.36,2016-10-01,79,24.0,32.81
1018,-2.25,-59.75,162.68,2016-11-01,79,24.0,33.0
1019,-2.25,-59.75,401.61,2016-12-01,79,24.0,31.0
1020,-2.25,-59.75,306.75,2017-01-01,79,23.0,30.12
1021,-2.25,-59.75,217.12,2017-02-01,79,23.0,30.0
1022,-2.25,-59.75,237.57,2017-03-01,79,23.0,30.0
1023,-2.25,-59.75,339.38,2017-04-01,79,23.75,31.0
1024,-2.25,-59.75,165.42,2017-05-01,79,23.0,31.31
1025,-2.25,-59.75,175.22,2017-06-01,79,23.94,31.81
1026,-2.25,-59.75,103.88,2017-07-01,79,23.12,32.0
1027,-2.25,-59.75,39.69,2017-08-01,79,22.0,31.0
1028,-2.25,-59.75,183.84,2017-09-01,79,24.0,32.0
1029,-2.25,-59.75,160.75,2017-10-01,79,24.0,32.06
1030,-2.25,-59.75,169.01,2017-11-01,79,24.0,32.0
1031,-2.25,-59.75,391.64,2017-12-01,79,24.0,30.88
1032,-2.25,-59.75,183.69,2018-01-01,79,23.0,30.12
1033,-2.25,-59.75,250.14,2018-02-01,79,23.56,30.0
1034,-2.25,-59.75,229.08,2018-03-01,79,24.0,31.0
1035,-2.25,-59.75,327.01,2018-04-01,79,23.0,30.0
1036,-2.25,-59.75,223.19,2018-05-01,79,23.0,30.0
1037,-2.25,-59.75,262.13,2018-06-01,79,23.5,31.0
1038,-2.25,-59.75,90.97,2018-07-01,79,23.12,31.12
1039,-2.25,-59.75,43.24,2018-08-01,79,24.0,32.0
1040,-2.25,-59.75,98.25,2018-09-01,79,24.19,33.0
1041,-2.25,-59.75,67.89,2018-10-01,79,23.0,32.0
1042,-2.25,-59.75,146.17,2018-11-01,79,24.75,32.0
1043,-2.25,-59.75,297.38,2018-12-01,79,23.0,30.0
1044,-2.25,-59.75,242.74,2019-01-01,79,23.5,30.0
1045,-2.25,-59.75,291.62,2019-02-01,79,24.0,30.0
1046,-2.25,-59.75,368.99,2019-03-01,79,24.0,31.0
1047,-2.25,-59.75,303.24,2019-04-01,79,24.0,30.31
1048,-2.25,-59.75,364.08,2019-05-01,79,24.0,30.0
1049,-2.25,-59.75,98.72,2019-06-01,79,24.0,31.0
1050,-2.25,-59.75,168.37,2019-07-01,79,24.0,31.0
1051,-2.25,-59.75,81.55,2019-08-01,79,24.0,32.0
1052,-2.25,-59.75,210.88,2019-09-01,79,24.0,33.0
1053,-2.25,-59.75,264.12,2019-10-01,79,24.0,32.0
1054,-2.25,-59.75,165.46,2019-11-01,79,24.19,32.0
1055,-2.25,-59.75,206.58,2019-12-01,79,24.0,31.0
